title,price,rating
A Light in the Attic,Â51.77,Three
Tipping the Velvet,Â53.74,One
Soumission,Â50.10,One
Sharp Objects,Â47.82,Four
Sapiens: A Brief History of Humankind,Â54.23,Five
The Requiem Red,Â22.65,One
The Dirty Little Secrets of Getting Your Dream Job,Â33.34,Four
"The Coming Woman: A Novel Based on the Life of the Infamous Feminist, Victoria Woodhull",Â17.93,Three
The Boys in the Boat: Nine Americans and Their Epic Quest for Gold at the 1936 Berlin Olympics,Â22.60,Four
The Black Maria,Â52.15,One
"Starving Hearts (Triangular Trade Trilogy, #1)",Â13.99,Two
Shakespeare's Sonnets,Â20.66,Four
Set Me Free,Â17.46,Five
Scott Pilgrim's Precious Little Life (Scott Pilgrim #1),Â52.29,Five
Rip it Up and Start Again,Â35.02,Five
"Our Band Could Be Your Life: Scenes from the American Indie Underground, 1981-1991",Â57.25,Three
Olio,Â23.88,One
Mesaerion: The Best Science Fiction Stories 1800-1849,Â37.59,One
Libertarianism for Beginners,Â51.33,Two
It's Only the Himalayas,Â45.17,Two
In Her Wake,Â12.84,One
How Music Works,Â37.32,Two
"Foolproof Preserving: A Guide to Small Batch Jams, Jellies, Pickles, Condiments, and More: A Foolproof Guide to Making Small Batch Jams, Jellies, Pickles, Condiments, and More",Â30.52,Three
Chase Me (Paris Nights #2),Â25.27,Five
Black Dust,Â34.53,Five
Birdsong: A Story in Pictures,Â54.64,Three
America's Cradle of Quarterbacks: Western Pennsylvania's Football Factory from Johnny Unitas to Joe Montana,Â22.50,Three
Aladdin and His Wonderful Lamp,Â53.13,Three
Worlds Elsewhere: Journeys Around Shakespeareâs Globe,Â40.30,Five
Wall and Piece,Â44.18,Four
The Four Agreements: A Practical Guide to Personal Freedom,Â17.66,Five
The Five Love Languages: How to Express Heartfelt Commitment to Your Mate,Â31.05,Three
The Elephant Tree,Â23.82,Five
The Bear and the Piano,Â36.89,One
Sophie's World,Â15.94,Five
Penny Maybe,Â33.29,Three
Maude (1883-1993):She Grew Up with the country,Â18.02,Two
"In a Dark, Dark Wood",Â19.63,One
Behind Closed Doors,Â52.22,Four
You can't bury them all: Poems,Â33.63,Two
Slow States of Collapse: Poems,Â57.31,Three
Reasons to Stay Alive,Â26.41,Two
Private Paris (Private #10),Â47.61,Five
#HigherSelfie: Wake Up Your Life. Free Your Soul. Find Your Tribe.,Â23.11,Five
Without Borders (Wanderlove #1),Â45.07,Two
When We Collided,Â31.77,One
"We Love You, Charlie Freeman",Â50.27,Five
Untitled Collection: Sabbath Poems 2014,Â14.27,Four
"Unseen City: The Majesty of Pigeons, the Discreet Charm of Snails & Other Wonders of the Urban Wilderness",Â44.18,Four
Unicorn Tracks,Â18.78,Three
"Unbound: How Eight Technologies Made Us Human, Transformed Society, and Brought Our World to the Brink",Â25.52,One
Tsubasa: WoRLD CHRoNiCLE 2 (Tsubasa WoRLD CHRoNiCLE #2),Â16.28,One
Throwing Rocks at the Google Bus: How Growth Became the Enemy of Prosperity,Â31.12,Three
This One Summer,Â19.49,Four
Thirst,Â17.27,Five
The Torch Is Passed: A Harding Family Story,Â19.09,One
The Secret of Dreadwillow Carse,Â56.13,One
"The Pioneer Woman Cooks: Dinnertime: Comfort Classics, Freezer Food, 16-Minute Meals, and Other Delicious Ways to Solve Supper!",Â56.41,One
The Past Never Ends,Â56.50,Four
The Natural History of Us (The Fine Art of Pretending #2),Â45.22,Three
The Nameless City (The Nameless City #1),Â38.16,Four
The Murder That Never Was (Forensic Instincts #5),Â54.11,Three
The Most Perfect Thing: Inside (and Outside) a Bird's Egg,Â42.96,Four
"The Mindfulness and Acceptance Workbook for Anxiety: A Guide to Breaking Free from Anxiety, Phobias, and Worry Using Acceptance and Commitment Therapy",Â23.89,Four
The Life-Changing Magic of Tidying Up: The Japanese Art of Decluttering and Organizing,Â16.77,Three
"The Inefficiency Assassin: Time Management Tactics for Working Smarter, Not Longer",Â20.59,Five
The Gutsy Girl: Escapades for Your Life of Epic Adventure,Â37.13,One
The Electric Pencil: Drawings from Inside State Hospital No. 3,Â56.06,One
The Death of Humanity: and the Case for Life,Â58.11,Four
"The Bulletproof Diet: Lose up to a Pound a Day, Reclaim Energy and Focus, Upgrade Your Life",Â49.05,Three
The Art Forger,Â40.76,Three
The Age of Genius: The Seventeenth Century and the Birth of the Modern Mind,Â19.73,One
The Activist's Tao Te Ching: Ancient Advice for a Modern Revolution,Â32.24,Five
Spark Joy: An Illustrated Master Class on the Art of Organizing and Tidying Up,Â41.83,Four
Soul Reader,Â39.58,Two
Security,Â39.25,Two
"Saga, Volume 6 (Saga (Collected Editions) #6)",Â25.02,Three
"Saga, Volume 5 (Saga (Collected Editions) #5)",Â51.04,Two
Reskilling America: Learning to Labor in the Twenty-First Century,Â19.83,Two
"Rat Queens, Vol. 3: Demons (Rat Queens (Collected Editions) #11-15)",Â50.40,Three
"Princess Jellyfish 2-in-1 Omnibus, Vol. 01 (Princess Jellyfish 2-in-1 Omnibus #1)",Â13.61,Five
Princess Between Worlds (Wide-Awake Princess #5),Â13.34,Five
"Pop Gun War, Volume 1: Gift",Â18.97,One
"Political Suicide: Missteps, Peccadilloes, Bad Calls, Backroom Hijinx, Sordid Pasts, Rotten Breaks, and Just Plain Dumb Mistakes in the Annals of American Politics",Â36.28,Two
Patience,Â10.16,Three
"Outcast, Vol. 1: A Darkness Surrounds Him (Outcast #1)",Â15.44,Four
orange: The Complete Collection 1 (orange: The Complete Collection #1),Â48.41,One
Online Marketing for Busy Authors: A Step-By-Step Guide,Â46.35,One
On a Midnight Clear,Â14.07,Three
Obsidian (Lux #1),Â14.86,Two
My Paris Kitchen: Recipes and Stories,Â33.37,Two
Masks and Shadows,Â56.40,Two
"Mama Tried: Traditional Italian Cooking for the Screwed, Crude, Vegan, and Tattooed",Â14.02,Four
"Lumberjanes, Vol. 2: Friendship to the Max (Lumberjanes #5-8)",Â46.91,Two
"Lumberjanes, Vol. 1: Beware the Kitten Holy (Lumberjanes #1-4)",Â45.61,Three
Lumberjanes Vol. 3: A Terrible Plan (Lumberjanes #9-12),Â19.92,Two
"Layered: Baking, Building, and Styling Spectacular Cakes",Â40.11,One
Judo: Seven Steps to Black Belt (an Introductory Guide for Beginners),Â53.90,Two
Join,Â35.67,Five
In the Country We Love: My Family Divided,Â22.00,Four
